segment,recency_mean,recency_median,recency_min,recency_max,frequency_mean,frequency_median,frequency_min,frequency_max,monetary_mean,monetary_median,monetary_min,monetary_max,monetary_sum,customer_count,revenue_pct
At_Risk_Low_Value,44.10141661300708,35.0,1,152,81.8650998068255,55.0,1,422,252.89150643915002,166.22,0.42,1789.65,785481.019,3106,58.49
High_Value_Loyal,21.952095808383234,11.0,1,266,631.7185628742515,521.0,1,2634,2230.4210239520958,1648.43,742.73,13916.34,372480.311,167,27.73
Medium_Customers,244.04918032786884,234.0,141,374,29.69913211186114,19.0,1,366,104.72835486981678,65.4,0.0,2025.76,108603.304,1037,8.09
Top_Champions,2.75,1.5,1,7,4281.75,4454.5,2648,5570,19114.7875,16955.86,10980.09,31567.34,76459.15,4,5.69
